source,line,key,translate,english,spanish,note
en.lproj/Localizable.strings,1,NSCameraUsageDescription,yes,The camera will be used to take your measurements.,The camera will be used to take your measurements.,SDK/system Spanish placeholder currently matches English; replace with translated value.
en.lproj/Localizable.strings,2,MEASURING_COUNTDOWN,yes,Measurement starting in...,Measurement starting in...,SDK/system Spanish placeholder currently matches English; replace with translated value.
en.lproj/Localizable.strings,3,MEASURING_MSG_DEFAULT,yes,Please center your face within the outline,Please center your face within the outline,SDK/system Spanish placeholder currently matches English; replace with translated value.
en.lproj/Localizable.strings,4,MEASURING_PERFECT,yes,Perfect! Please hold still,Perfect! Please hold still,SDK/system Spanish placeholder currently matches English; replace with translated value.
en.lproj/Localizable.strings,5,MEASURING_STARTED,yes,"Measurement Started
Please hold still","Measurement Started
Please hold still",SDK/system Spanish placeholder currently matches English; replace with translated value.
en.lproj/Localizable.strings,6,WARNING_CONSTRAINT_BACKLIGHT,yes,"The backlight is too strong
Please try changing position so more light falls directly on the face","The backlight is too strong
Please try changing position so more light falls directly on the face",SDK/system Spanish placeholder currently matches English; replace with translated value.
en.lproj/Localizable.strings,7,WARNING_CONSTRAINT_BRIGHTNESS,yes,"Your face is too bright
Please try to dim the lights","Your face is too bright
Please try to dim the lights",SDK/system Spanish placeholder currently matches English; replace with translated value.
en.lproj/Localizable.strings,8,WARNING_CONSTRAINT_DARKNESS,yes,"Your face is not well lit
Please try better lighting","Your face is not well lit
Please try better lighting",SDK/system Spanish placeholder currently matches English; replace with translated value.
en.lproj/Localizable.strings,9,WARNING_CONSTRAINT_DISTANCE,yes,"The face is too far
Please try to move closer to the camera","The face is too far
Please try to move closer to the camera",SDK/system Spanish placeholder currently matches English; replace with translated value.
en.lproj/Localizable.strings,10,WARNING_CONSTRAINT_EXPOSURE,yes,Please hold still while the camera is calibrating...,Please hold still while the camera is calibrating...,SDK/system Spanish placeholder currently matches English; replace with translated value.
en.lproj/Localizable.strings,11,WARNING_CONSTRAINT_FPS,yes,"The camera is not maintaining the required frame rate
Please try closing all background applications","The camera is not maintaining the required frame rate
Please try closing all background applications",SDK/system Spanish placeholder currently matches English; replace with translated value.
en.lproj/Localizable.strings,12,WARNING_CONSTRAINT_GAZE,yes,"The view of the face is poor
Please look directly into the camera","The view of the face is poor
Please look directly into the camera",SDK/system Spanish placeholder currently matches English; replace with translated value.
en.lproj/Localizable.strings,13,WARNING_CONSTRAINT_MOVEMENT,yes,"Too much movement
Please hold still","Too much movement
Please hold still",SDK/system Spanish placeholder currently matches English; replace with translated value.
en.lproj/Localizable.strings,14,WARNING_CONSTRAINT_POSITION,yes,Try to keep your face within the outline,Try to keep your face within the outline,SDK/system Spanish placeholder currently matches English; replace with translated value.
en.lproj/Localizable.strings,15,WARNING_CONSTRAINT_TOO_CLOSE,yes,Please move a little further away,Please move a little further away,SDK/system Spanish placeholder currently matches English; replace with translated value.
en.lproj/Localizable.strings,16,WARNING_CONSTRAINT_TOO_FAR,yes,Please move a little closer and center your face within the outline,Please move a little closer and center your face within the outline,SDK/system Spanish placeholder currently matches English; replace with translated value.
en.lproj/Localizable.strings,17,WARNING_LOW_POWER_MODE,yes,"For better accuracy, please disable Low Power Mode","For better accuracy, please disable Low Power Mode",SDK/system Spanish placeholder currently matches English; replace with translated value.
en.lproj/Localizable.strings,18,MEASUREMENT_CANCELED,yes,Measurement cancelled,Measurement cancelled,SDK/system Spanish placeholder currently matches English; replace with translated value.
en.lproj/Localizable.strings,19,ERR_CONSTRAINT_BRIGHTNESS,yes,"Your face was too bright
Please try to dim the lights","Your face was too bright
Please try to dim the lights",SDK/system Spanish placeholder currently matches English; replace with translated value.
en.lproj/Localizable.strings,20,ERR_CONSTRAINT_DARKNESS,yes,"Your face was not well lit
Please try better lighting","Your face was not well lit
Please try better lighting",SDK/system Spanish placeholder currently matches English; replace with translated value.
en.lproj/Localizable.strings,21,ERR_CONSTRAINT_DISTANCE,yes,Please move closer to the camera and try again,Please move closer to the camera and try again,SDK/system Spanish placeholder currently matches English; replace with translated value.
en.lproj/Localizable.strings,22,ERR_CONSTRAINT_FPS,yes,"The camera is not maintaining the required frame rate
Please try closing all background applications","The camera is not maintaining the required frame rate
Please try closing all background applications",SDK/system Spanish placeholder currently matches English; replace with translated value.
en.lproj/Localizable.strings,23,ERR_CONSTRAINT_GAZE,yes,Please directly face the camera throughout the measurement,Please directly face the camera throughout the measurement,SDK/system Spanish placeholder currently matches English; replace with translated value.
en.lproj/Localizable.strings,24,ERR_CONSTRAINT_MOVEMENT,yes,Please hold still throughout the measurement,Please hold still throughout the measurement,SDK/system Spanish placeholder currently matches English; replace with translated value.
en.lproj/Localizable.strings,25,ERR_CONSTRAINT_NO_NETWORK,yes,"To use Anura, please make sure you're connected to WiFi or a mobile network","To use Anura, please make sure you're connected to WiFi or a mobile network",SDK/system Spanish placeholder currently matches English; replace with translated value.
en.lproj/Localizable.strings,26,ERR_CONSTRAINT_POSITION,yes,Please keep your face centerd within the outline throughout the measurement,Please keep your face centerd within the outline throughout the measurement,SDK/system Spanish placeholder currently matches English; replace with translated value.
en.lproj/Localizable.strings,27,ERR_CONSTRAINT_TOO_FAR,yes,Please move closer to the camera and keep your face centerd within the outline throughout the measurement,Please move closer to the camera and keep your face centerd within the outline throughout the measurement,SDK/system Spanish placeholder currently matches English; replace with translated value.
en.lproj/Localizable.strings,28,ERR_MSG_SNR,yes,"The blood flow measurement was not reliable
Please try to allow the light to fall evenly across your face while holding still","The blood flow measurement was not reliable
Please try to allow the light to fall evenly across your face while holding still",SDK/system Spanish placeholder currently matches English; replace with translated value.
en.lproj/Localizable.strings,29,ERR_MSG_SNR_SHORT,yes,Please try to allow the light to fall evenly across your face while holding still,Please try to allow the light to fall evenly across your face while holding still,SDK/system Spanish placeholder currently matches English; replace with translated value.
en.lproj/Localizable.strings,30,ERR_CAMERA_CALIBRATION_TIMEOUT,yes,"Could not calibrate camera
Restarting calibration...","Could not calibrate camera
Restarting calibration...",SDK/system Spanish placeholder currently matches English; replace with translated value.
en.lproj/Localizable.strings,33,app.HomeScreenStrings.Response_Received,yes,Response Received,Response Received,Spanish placeholder currently matches English; replace with translated value.
en.lproj/Localizable.strings,34,app.HomeScreenStrings.Weather.Loading_Weather,yes,Loading Weather...,Loading Weather...,Spanish placeholder currently matches English; replace with translated value.
en.lproj/Localizable.strings,35,app.HomeScreenStrings.Weather.Error,yes,Error:,Error:,Spanish placeholder currently matches English; replace with translated value.
en.lproj/Localizable.strings,36,app.HomeScreenStrings.Weather.Fetching_location,yes,Fetching location...,Fetching location...,Spanish placeholder currently matches English; replace with translated value.
en.lproj/Localizable.strings,37,app.HomeScreenStrings.Weather.Welcome_to_the,yes,Welcome to the,Welcome to the,Spanish placeholder currently matches English; replace with translated value.
en.lproj/Localizable.strings,38,app.HomeScreenStrings.Weather.ABC_Company,yes,[ABC Company],[ABC Company],Spanish placeholder currently matches English; replace with translated value.
en.lproj/Localizable.strings,39,app.HomeScreenStrings.Weather.Kiosk,yes,Kiosk,Kiosk,Spanish placeholder currently matches English; replace with translated value.
en.lproj/Localizable.strings,40,app.HomeScreenStrings.Weather.highLow,yes,H:%d°F  L:%d°F,H:%d°F  L:%d°F,Spanish placeholder currently matches English; replace with translated value.
en.lproj/Localizable.strings,41,app.HomeScreenStrings.Promo.Curious_About_Your_Health,yes,Curious About Your Health?,Curious About Your Health?,Spanish placeholder currently matches English; replace with translated value.
en.lproj/Localizable.strings,42,app.HomeScreenStrings.Promo.Start_with_a_30_seconds_Face_Scan,yes,Start with a 30 seconds Face Scan,Start with a 30 seconds Face Scan,Spanish placeholder currently matches English; replace with translated value.
en.lproj/Localizable.strings,43,app.HomeScreenStrings.Promo.Watch_Quick_Demo,yes,Watch Quick Demo,Watch Quick Demo,Spanish placeholder currently matches English; replace with translated value.
en.lproj/Localizable.strings,44,app.HomeScreenStrings.Promo.Try_Face_Scan,yes,Try Face Scan,Try Face Scan,Spanish placeholder currently matches English; replace with translated value.
en.lproj/Localizable.strings,45,app.HomeScreenStrings.ReadSection.Loading,yes,Loading...,Loading...,Spanish placeholder currently matches English; replace with translated value.
en.lproj/Localizable.strings,46,app.HomeScreenStrings.ReadSection.Content_Temporarily_Unavailable,yes,Content Temporarily Unavailable,Content Temporarily Unavailable,Spanish placeholder currently matches English; replace with translated value.
en.lproj/Localizable.strings,47,app.HomeScreenStrings.ReadSection.Today_s_Read,yes,Today's Read,Today's Read,Spanish placeholder currently matches English; replace with translated value.
en.lproj/Localizable.strings,48,app.HomeScreenStrings.ReadSection.Article,yes,Article,Article,Spanish placeholder currently matches English; replace with translated value.
en.lproj/Localizable.strings,49,app.HomeScreenStrings.ReadSection.From_HR_Desk,yes,From HR Desk,From HR Desk,Spanish placeholder currently matches English; replace with translated value.
en.lproj/Localizable.strings,50,app.HomeScreenStrings.Schedule.Today_s_Schedule,yes,Today's Schedule,Today's Schedule,Spanish placeholder currently matches English; replace with translated value.
en.lproj/Localizable.strings,51,app.HomeScreenStrings.Schedule.No_Schedule,yes,No Schedule,No Schedule,Spanish placeholder currently matches English; replace with translated value.
en.lproj/Localizable.strings,52,app.HomeScreenStrings.Schedule.Daily_Stand_Up,yes,Daily Stand-Up,Daily Stand-Up,Spanish placeholder currently matches English; replace with translated value.
en.lproj/Localizable.strings,53,app.HomeScreenStrings.Schedule.A_stand_up_meeting_is_a_meeting_in_which_attendees_typically,yes,A stand-up meeting is a meeting in which attendees typically participate while standing.,A stand-up meeting is a meeting in which attendees typically participate while standing.,Spanish placeholder currently matches English; replace with translated value.
en.lproj/Localizable.strings,54,app.HomeScreenStrings.Schedule.Quarterly_Town_Hall_Meeting,yes,Quarterly Town Hall Meeting,Quarterly Town Hall Meeting,Spanish placeholder currently matches English; replace with translated value.
en.lproj/Localizable.strings,55,app.HomeScreenStrings.Schedule.To_discuss_about_the_upcoming_project_organization_of_units,yes,To discuss about the upcoming project & organization of units,To discuss about the upcoming project & organization of units,Spanish placeholder currently matches English; replace with translated value.
en.lproj/Localizable.strings,56,app.HomeScreenStrings.Schedule.Q3_Wellness_Challenge_begins,yes,Q3 Wellness Challenge begins,Q3 Wellness Challenge begins,Spanish placeholder currently matches English; replace with translated value.
en.lproj/Localizable.strings,57,app.HomeScreenStrings.Schedule.To_discuss_about_the_upcoming_project_organization_of_units_2,yes,To discuss about the upcoming project & organization of units,To discuss about the upcoming project & organization of units,Spanish placeholder currently matches English; replace with translated value.
en.lproj/Localizable.strings,58,app.HomeScreenStrings.Schedule.Diversity_Equity_Inclusion_DEI_Awareness_Days,yes,"Diversity, Equity & Inclusion (DEI) Awareness Days","Diversity, Equity & Inclusion (DEI) Awareness Days",Spanish placeholder currently matches English; replace with translated value.
en.lproj/Localizable.strings,59,app.HomeScreenStrings.Schedule.Panels_training_and_celebration_of_heritage_months_or_cultur,yes,"Panels, training, and celebration of heritage months or cultural milestones.","Panels, training, and celebration of heritage months or cultural milestones.",Spanish placeholder currently matches English; replace with translated value.
en.lproj/Localizable.strings,60,app.HomeScreenStrings.Schedule.Wellness_Week_Health_Fair,yes,Wellness Week / Health Fair,Wellness Week / Health Fair,Spanish placeholder currently matches English; replace with translated value.
en.lproj/Localizable.strings,61,app.HomeScreenStrings.Schedule.Activities_focused_on_physical_and_mental_well_being,yes,Activities focused on physical and mental well-being.,Activities focused on physical and mental well-being.,Spanish placeholder currently matches English; replace with translated value.
en.lproj/Localizable.strings,62,app.HomeScreenStrings.Schedule.Hackathons_Innovation_Days,yes,Hackathons / Innovation Days,Hackathons / Innovation Days,Spanish placeholder currently matches English; replace with translated value.
en.lproj/Localizable.strings,63,app.HomeScreenStrings.Schedule.Creative_sprints_where_teams_develop_solutions_tools_or_prot,yes,"Creative sprints where teams develop solutions, tools, or prototypes.","Creative sprints where teams develop solutions, tools, or prototypes.",Spanish placeholder currently matches English; replace with translated value.
en.lproj/Localizable.strings,64,app.HomeScreenStrings.Schedule.Team_Building_Retreat,yes,Team-Building Retreat,Team-Building Retreat,Spanish placeholder currently matches English; replace with translated value.
en.lproj/Localizable.strings,65,app.HomeScreenStrings.Schedule.A_full_day_or_overnight_program_to_boost_collaboration_and_m,yes,A full-day or overnight program to boost collaboration and morale.,A full-day or overnight program to boost collaboration and morale.,Spanish placeholder currently matches English; replace with translated value.
en.lproj/Localizable.strings,66,app.HomeScreenStrings.Schedule.Company_Anniversary,yes,Company Anniversary,Company Anniversary,Spanish placeholder currently matches English; replace with translated value.
en.lproj/Localizable.strings,67,app.HomeScreenStrings.Schedule.Celebration_of_the_organization_s_founding_and_journey,yes,Celebration of the organization's founding and journey.,Celebration of the organization's founding and journey.,Spanish placeholder currently matches English; replace with translated value.
en.lproj/Localizable.strings,68,app.HomeScreenStrings.Schedule.Open_Enrollment_Benefits_Fair,yes,Open Enrollment / Benefits Fair,Open Enrollment / Benefits Fair,Spanish placeholder currently matches English; replace with translated value.
en.lproj/Localizable.strings,69,app.HomeScreenStrings.Schedule.Informational_sessions_on_employee_benefits_insurance_and_pe,yes,"Informational sessions on employee benefits, insurance, and perks.","Informational sessions on employee benefits, insurance, and perks.",Spanish placeholder currently matches English; replace with translated value.
en.lproj/Localizable.strings,70,app.HomeScreenStrings.Schedule.Community_Service_Volunteer_Day,yes,Community Service / Volunteer Day,Community Service / Volunteer Day,Spanish placeholder currently matches English; replace with translated value.
en.lproj/Localizable.strings,71,app.HomeScreenStrings.Schedule.Team_led_initiatives_supporting_local_organizations,yes,Team-led initiatives supporting local organizations.,Team-led initiatives supporting local organizations.,Spanish placeholder currently matches English; replace with translated value.
en.lproj/Localizable.strings,72,app.HomeScreenStrings.Schedule.Mid_Year_Review,yes,Mid-Year Review,Mid-Year Review,Spanish placeholder currently matches English; replace with translated value.
en.lproj/Localizable.strings,73,app.HomeScreenStrings.Schedule.Alignment_on_key_metrics_shifting_priorities_and_future_plan,yes,"Alignment on key metrics, shifting priorities, and future plans.","Alignment on key metrics, shifting priorities, and future plans.",Spanish placeholder currently matches English; replace with translated value.
en.lproj/Localizable.strings,74,app.HomeScreenStrings.Schedule.New_Employee_Welcome_Sessions,yes,New Employee Welcome Sessions,New Employee Welcome Sessions,Spanish placeholder currently matches English; replace with translated value.
en.lproj/Localizable.strings,75,app.HomeScreenStrings.Schedule.Monthly_or_quarterly_onboarding_experiences_with_leadership,yes,Monthly or quarterly onboarding experiences with leadership meet-and-greets.,Monthly or quarterly onboarding experiences with leadership meet-and-greets.,Spanish placeholder currently matches English; replace with translated value.
en.lproj/Localizable.strings,76,app.PhysicalAttributesScreenStrings.Tell_us_about_yourself,yes,Tell us about yourself,Tell us about yourself,Spanish placeholder currently matches English; replace with translated value.
en.lproj/Localizable.strings,77,app.PhysicalAttributesScreenStrings.We_use_these_details_to_ensure_your_scan_results_are_as_accu,yes,We use these details to ensure your scan results are as accurate as possible.,We use these details to ensure your scan results are as accurate as possible.,Spanish placeholder currently matches English; replace with translated value.
en.lproj/Localizable.strings,78,app.PhysicalAttributesScreenStrings.We_value_your_privacy_Your_information_will_NOT_be_shared_ex,yes,We value your privacy. Your information will NOT be shared externally.,We value your privacy. Your information will NOT be shared externally.,Spanish placeholder currently matches English; replace with translated value.
en.lproj/Localizable.strings,79,app.PhysicalAttributesScreenStrings.Watch_Demo,yes,Watch Demo,Watch Demo,Spanish placeholder currently matches English; replace with translated value.
en.lproj/Localizable.strings,80,app.PhysicalAttributesScreenStrings.Proceed_to_Scan,yes,Proceed to Scan,Proceed to Scan,Spanish placeholder currently matches English; replace with translated value.
en.lproj/Localizable.strings,81,app.PhysicalAttributesScreenStrings.Skip_to_Results,yes,Skip to Results,Skip to Results,Spanish placeholder currently matches English; replace with translated value.
en.lproj/Localizable.strings,82,app.PhysicalAttributesScreenStrings.OK,yes,OK,OK,Spanish placeholder currently matches English; replace with translated value.
en.lproj/Localizable.strings,83,app.PhysicalAttributesScreenStrings.Validation.Please_enter_your_email,yes,Please enter your email.,Please enter your email.,Spanish placeholder currently matches English; replace with translated value.
en.lproj/Localizable.strings,84,app.PhysicalAttributesScreenStrings.Validation.Please_enter_a_valid_email,yes,Please enter a valid email.,Please enter a valid email.,Spanish placeholder currently matches English; replace with translated value.
en.lproj/Localizable.strings,85,app.PhysicalAttributesScreenStrings.Validation.Please_select_your_height,yes,Please select your height.,Please select your height.,Spanish placeholder currently matches English; replace with translated value.
en.lproj/Localizable.strings,86,app.PhysicalAttributesScreenStrings.Validation.Weight_cannot_be_empty,yes,Weight cannot be empty.,Weight cannot be empty.,Spanish placeholder currently matches English; replace with translated value.
en.lproj/Localizable.strings,87,app.PhysicalAttributesScreenStrings.Validation.Weight_cannot_be_less_than_75_lbs,yes,Weight cannot be less than 75 lbs.,Weight cannot be less than 75 lbs.,Spanish placeholder currently matches English; replace with translated value.
en.lproj/Localizable.strings,88,app.PhysicalAttributesScreenStrings.Validation.Please_enter_your_age,yes,Please enter your age.,Please enter your age.,Spanish placeholder currently matches English; replace with translated value.
en.lproj/Localizable.strings,89,app.PhysicalAttributesScreenStrings.Validation.Age_must_be_between_13_and_120_years,yes,Age must be between 13 and 120 years.,Age must be between 13 and 120 years.,Spanish placeholder currently matches English; replace with translated value.
en.lproj/Localizable.strings,90,app.PhysicalAttributesScreenStrings.Validation.Please_select_your_gender,yes,Please select your gender.,Please select your gender.,Spanish placeholder currently matches English; replace with translated value.
en.lproj/Localizable.strings,91,app.PhysicalAttributesScreenStrings.Form.Email,yes,Email,Email,Spanish placeholder currently matches English; replace with translated value.
en.lproj/Localizable.strings,92,app.PhysicalAttributesScreenStrings.Form.Enter_email,yes,Enter email,Enter email,Spanish placeholder currently matches English; replace with translated value.
en.lproj/Localizable.strings,93,app.PhysicalAttributesScreenStrings.Form.Enter_a_valid_email_address,yes,Enter a valid email address,Enter a valid email address,Spanish placeholder currently matches English; replace with translated value.
en.lproj/Localizable.strings,94,app.PhysicalAttributesScreenStrings.Form.Age,yes,Age,Age,Spanish placeholder currently matches English; replace with translated value.
en.lproj/Localizable.strings,95,app.PhysicalAttributesScreenStrings.Form.How_old_are_you,yes,How old are you?,How old are you?,Spanish placeholder currently matches English; replace with translated value.
en.lproj/Localizable.strings,96,app.PhysicalAttributesScreenStrings.Form.Height,yes,Height,Height,Spanish placeholder currently matches English; replace with translated value.
en.lproj/Localizable.strings,97,app.PhysicalAttributesScreenStrings.Form.Feet_Inches,yes,Feet / Inches,Feet / Inches,Spanish placeholder currently matches English; replace with translated value.
en.lproj/Localizable.strings,98,app.PhysicalAttributesScreenStrings.Form.Select_Height,yes,Select Height,Select Height,Spanish placeholder currently matches English; replace with translated value.
en.lproj/Localizable.strings,99,app.PhysicalAttributesScreenStrings.Form.ft,yes,ft,ft,Spanish placeholder currently matches English; replace with translated value.
en.lproj/Localizable.strings,100,app.PhysicalAttributesScreenStrings.Form.in,yes,in,in,Spanish placeholder currently matches English; replace with translated value.
en.lproj/Localizable.strings,101,app.PhysicalAttributesScreenStrings.Form.Done,yes,Done,Done,Spanish placeholder currently matches English; replace with translated value.
en.lproj/Localizable.strings,102,app.PhysicalAttributesScreenStrings.Form.Weight,yes,Weight,Weight,Spanish placeholder currently matches English; replace with translated value.
en.lproj/Localizable.strings,103,app.PhysicalAttributesScreenStrings.Form.Lbs,yes,Lbs,Lbs,Spanish placeholder currently matches English; replace with translated value.
en.lproj/Localizable.strings,104,app.PhysicalAttributesScreenStrings.Form.Sex_at_birth,yes,Sex (at birth),Sex (at birth),Spanish placeholder currently matches English; replace with translated value.
en.lproj/Localizable.strings,105,app.PhysicalAttributesScreenStrings.Form.Male,yes,Male,Male,Spanish placeholder currently matches English; replace with translated value.
en.lproj/Localizable.strings,106,app.PhysicalAttributesScreenStrings.Form.Female,yes,Female,Female,Spanish placeholder currently matches English; replace with translated value.
en.lproj/Localizable.strings,107,app.PhysicalAttributesScreenStrings.Settings.External_camera_preset,yes,External camera preset,External camera preset,Spanish placeholder currently matches English; replace with translated value.
en.lproj/Localizable.strings,108,app.PhysicalAttributesScreenStrings.Settings.Preview_orientation,yes,Preview orientation,Preview orientation,Spanish placeholder currently matches English; replace with translated value.
en.lproj/Localizable.strings,109,app.PhysicalAttributesScreenStrings.Settings.Mirror_external_camera_video,yes,Mirror external camera video,Mirror external camera video,Spanish placeholder currently matches English; replace with translated value.
en.lproj/Localizable.strings,110,app.PhysicalAttributesScreenStrings.Settings.Use_external_camera_only,yes,Use external camera only,Use external camera only,Spanish placeholder currently matches English; replace with translated value.
en.lproj/Localizable.strings,111,app.PhysicalAttributesScreenStrings.Settings.If_enabled_only_the_external_camera_will_be_used_If_disabled,yes,"If enabled, only the external camera will be used. If disabled, the app will automatically switch between the built-in camera and an external camera (external camera is prioritized).","If enabled, only the external camera will be used. If disabled, the app will automatically switch between the built-in camera and an external camera (external camera is prioritized).",Spanish placeholder currently matches English; replace with translated value.
en.lproj/Localizable.strings,112,app.PhysicalAttributesScreenStrings.Settings.Camera_Settings,yes,Camera Settings,Camera Settings,Spanish placeholder currently matches English; replace with translated value.
en.lproj/Localizable.strings,113,app.PhysicalAttributesScreenStrings.Settings.Close,yes,Close,Close,Spanish placeholder currently matches English; replace with translated value.
en.lproj/Localizable.strings,114,app.PhysicalAttributesScreenStrings.Settings.Unknown,yes,Unknown,Unknown,Spanish placeholder currently matches English; replace with translated value.
en.lproj/Localizable.strings,115,app.PhysicalAttributesScreenStrings.Settings.Portrait,yes,Portrait,Portrait,Spanish placeholder currently matches English; replace with translated value.
en.lproj/Localizable.strings,116,app.PhysicalAttributesScreenStrings.Settings.LandscapeLeft,yes,LandscapeLeft,LandscapeLeft,Spanish placeholder currently matches English; replace with translated value.
en.lproj/Localizable.strings,117,app.PhysicalAttributesScreenStrings.Settings.LandscapeRight,yes,LandscapeRight,LandscapeRight,Spanish placeholder currently matches English; replace with translated value.
en.lproj/Localizable.strings,118,app.PhysicalAttributesScreenStrings.Settings.PortraitUpsideDown,yes,PortraitUpsideDown,PortraitUpsideDown,Spanish placeholder currently matches English; replace with translated value.
en.lproj/Localizable.strings,119,app.PhysicalAttributesScreenStrings.Debug.Submit_Debug_Scan_API,yes,Submit Debug Scan API,Submit Debug Scan API,Spanish placeholder currently matches English; replace with translated value.
en.lproj/Localizable.strings,120,app.PhysicalAttributesScreenStrings.Debug.Debug_scan_API_submitted_successfully,yes,Debug scan API submitted successfully.,Debug scan API submitted successfully.,Spanish placeholder currently matches English; replace with translated value.
en.lproj/Localizable.strings,121,app.PhysicalAttributesScreenStrings.Debug.Failed_to_submit_debug_scan_API,yes,Failed to submit debug scan API.,Failed to submit debug scan API.,Spanish placeholder currently matches English; replace with translated value.
en.lproj/Localizable.strings,122,app.PhysicalAttributesScreenStrings.Debug.Unable_to_open_results_screen,yes,Unable to open results screen.,Unable to open results screen.,Spanish placeholder currently matches English; replace with translated value.
en.lproj/Localizable.strings,123,app.ReadPdfScreenStrings.Loading_PDF,yes,Loading PDF...,Loading PDF...,Spanish placeholder currently matches English; replace with translated value.
en.lproj/Localizable.strings,124,app.ReadPdfScreenStrings.Failed_to_load_PDF,yes,Failed to load PDF,Failed to load PDF,Spanish placeholder currently matches English; replace with translated value.
en.lproj/Localizable.strings,125,app.ResultScreenStrings.Great_job_taking_a_proactive_step_for_your_health,yes,Great job taking a proactive step for your health!,Great job taking a proactive step for your health!,Spanish placeholder currently matches English; replace with translated value.
en.lproj/Localizable.strings,126,app.ResultScreenStrings.Great_job_taking_a_proactive_step_for_your_health_2,yes,"Great job taking a proactive step
for your health!","Great job taking a proactive step
for your health!",Spanish placeholder currently matches English; replace with translated value.
en.lproj/Localizable.strings,127,app.ResultScreenStrings.Below_is_a_summary_of_your_key_biomarkers_based_on_your_30_s,yes,Below is a summary of your key biomarkers based on your 30-second scan.,Below is a summary of your key biomarkers based on your 30-second scan.,Spanish placeholder currently matches English; replace with translated value.
en.lproj/Localizable.strings,128,app.ResultScreenStrings.This_report_is_intended_to_improve_your_awareness_of_general,yes,This report is intended to improve your awareness of general wellness. It is not a substitute for the clinical judgment of a health care professional.  These results provide a non-diagnostic screening to help you understand your current wellness trends.,This report is intended to improve your awareness of general wellness. It is not a substitute for the clinical judgment of a health care professional.  These results provide a non-diagnostic screening to help you understand your current wellness trends.,Spanish placeholder currently matches English; replace with translated value.
en.lproj/Localizable.strings,129,app.ResultScreenStrings.Hibiscus_Health_is_intended_to_improve_your_awareness_of_gen,yes,"Hibiscus Health is intended to improve your awareness of general wellness. Hibiscus Health does not diagnose, treat, mitigate or prevent any disease, symptom, disorder or abnormal physical state. Consult with a healthcare professional or emergency services if you believe you may have a medical issue.","Hibiscus Health is intended to improve your awareness of general wellness. Hibiscus Health does not diagnose, treat, mitigate or prevent any disease, symptom, disorder or abnormal physical state. Consult with a healthcare professional or emergency services if you believe you may have a medical issue.",Spanish placeholder currently matches English; replace with translated value.
en.lproj/Localizable.strings,130,app.ResultScreenStrings.The_results_from_this_face_scan_are_not_intended_to_diagnose,yes,"The results from this face scan are not intended to diagnose, treat, or replace professional medical advice. For any health concerns, please consult a healthcare provider.","The results from this face scan are not intended to diagnose, treat, or replace professional medical advice. For any health concerns, please consult a healthcare provider.",Spanish placeholder currently matches English; replace with translated value.
en.lproj/Localizable.strings,131,app.ResultScreenStrings.Actions.Email_Results,yes,Email Results,Email Results,Spanish placeholder currently matches English; replace with translated value.
en.lproj/Localizable.strings,132,app.ResultScreenStrings.Actions.Back,yes,Back,Back,Spanish placeholder currently matches English; replace with translated value.
en.lproj/Localizable.strings,133,app.ResultScreenStrings.Actions.View_Next_Steps,yes,View Next Steps,View Next Steps,Spanish placeholder currently matches English; replace with translated value.
en.lproj/Localizable.strings,134,app.ResultScreenStrings.Status.Measurement_failed,yes,Measurement failed,Measurement failed,Spanish placeholder currently matches English; replace with translated value.
en.lproj/Localizable.strings,135,app.ResultScreenStrings.Status.Unable_to_load_results_Please_try_again,yes,Unable to load results. Please try again.,Unable to load results. Please try again.,Spanish placeholder currently matches English; replace with translated value.
en.lproj/Localizable.strings,136,app.ResultScreenStrings.Status.Exit,yes,Exit,Exit,Spanish placeholder currently matches English; replace with translated value.
en.lproj/Localizable.strings,137,app.ResultScreenStrings.Status.loading,yes,Loading (%d of %d),Loading (%d of %d),Spanish placeholder currently matches English; replace with translated value.
en.lproj/Localizable.strings,138,app.ResultScreenStrings.Print.Error,yes,Error,Error,Spanish placeholder currently matches English; replace with translated value.
en.lproj/Localizable.strings,139,app.ResultScreenStrings.Print.OK,yes,OK,OK,Spanish placeholder currently matches English; replace with translated value.
en.lproj/Localizable.strings,140,app.ResultScreenStrings.Print.Failed_to_render_results_for_printing,yes,Failed to render results for printing.,Failed to render results for printing.,Spanish placeholder currently matches English; replace with translated value.
en.lproj/Localizable.strings,141,app.ResultScreenStrings.Print.Failed_to_generate_PDF_for_printing,yes,Failed to generate PDF for printing.,Failed to generate PDF for printing.,Spanish placeholder currently matches English; replace with translated value.
en.lproj/Localizable.strings,142,app.ResultScreenStrings.Print.Health_Report,yes,Health Report,Health Report,Spanish placeholder currently matches English; replace with translated value.
en.lproj/Localizable.strings,143,app.ResultScreenStrings.EmailPopup.Send_result_to_your_mail,yes,Send result to your mail,Send result to your mail,Spanish placeholder currently matches English; replace with translated value.
en.lproj/Localizable.strings,144,app.ResultScreenStrings.EmailPopup.Email_address,yes,Email address,Email address,Spanish placeholder currently matches English; replace with translated value.
en.lproj/Localizable.strings,145,app.ResultScreenStrings.EmailPopup.Email,yes,Email,Email,Spanish placeholder currently matches English; replace with translated value.
en.lproj/Localizable.strings,146,app.ResultScreenStrings.EmailPopup.Create_a_4_digit_secret_key,yes,Create a 4-digit secret key,Create a 4-digit secret key,Spanish placeholder currently matches English; replace with translated value.
en.lproj/Localizable.strings,147,app.ResultScreenStrings.EmailPopup.This_will_be_used_to_view_your_result,yes,This will be used to view your result,This will be used to view your result,Spanish placeholder currently matches English; replace with translated value.
en.lproj/Localizable.strings,148,app.ResultScreenStrings.EmailPopup.Send_mail,yes,Send mail,Send mail,Spanish placeholder currently matches English; replace with translated value.
en.lproj/Localizable.strings,149,app.ResultScreenStrings.EmailPopup.Failed_to_send_email_Please_try_again,yes,Failed to send email. Please try again.,Failed to send email. Please try again.,Spanish placeholder currently matches English; replace with translated value.
en.lproj/Localizable.strings,150,app.ResultScreenStrings.EmailPopup.Secure_and_Private,yes,Secure and Private,Secure and Private,Spanish placeholder currently matches English; replace with translated value.
en.lproj/Localizable.strings,151,app.ResultScreenStrings.EmailPopup.Check_your_inbox,yes,Check your inbox!,Check your inbox!,Spanish placeholder currently matches English; replace with translated value.
en.lproj/Localizable.strings,152,app.ResultScreenStrings.EmailPopup.Your_result_has_been_sent_to_your_email_Tell_a_colleague_abo,yes,"Your result has been sent to your email!
Tell a colleague about our Kiosk!","Your result has been sent to your email!
Tell a colleague about our Kiosk!",Spanish placeholder currently matches English; replace with translated value.
en.lproj/Localizable.strings,153,app.ResultScreenStrings.EmailPopup.Done,yes,Done,Done,Spanish placeholder currently matches English; replace with translated value.
en.lproj/Localizable.strings,154,app.ResultScreenStrings.PostSession.Continue,yes,Continue,Continue,Spanish placeholder currently matches English; replace with translated value.
en.lproj/Localizable.strings,155,app.ResultScreenStrings.PostSession.All_done_Thank_you_for_visiting_our_kiosk,yes,"All done.
Thank you for visiting our kiosk!","All done.
Thank you for visiting our kiosk!",Spanish placeholder currently matches English; replace with translated value.
en.lproj/Localizable.strings,156,app.ResultScreenStrings.PostSession.ONE_QUICK_QUESTION,yes,ONE QUICK QUESTION,ONE QUICK QUESTION,Spanish placeholder currently matches English; replace with translated value.
en.lproj/Localizable.strings,157,app.ResultScreenStrings.PostSession.Would_you_recommend_this_experience_to_others,yes,Would you recommend this experience to others?,Would you recommend this experience to others?,Spanish placeholder currently matches English; replace with translated value.
en.lproj/Localizable.strings,158,app.ResultScreenStrings.PostSession.Not_at_all_likely,yes,Not at all likely,Not at all likely,Spanish placeholder currently matches English; replace with translated value.
en.lproj/Localizable.strings,159,app.ResultScreenStrings.PostSession.Extremely_likely,yes,Extremely likely,Extremely likely,Spanish placeholder currently matches English; replace with translated value.
en.lproj/Localizable.strings,160,app.ResultScreenStrings.PostSession.Skip,yes,Skip,Skip,Spanish placeholder currently matches English; replace with translated value.
en.lproj/Localizable.strings,161,app.ResultScreenStrings.PostSession.Submit_and_return_home,yes,Submit and return home,Submit and return home,Spanish placeholder currently matches English; replace with translated value.
en.lproj/Localizable.strings,162,app.ResultScreenStrings.PostSession.Failed_to_submit_response_Please_try_again,yes,Failed to submit response. Please try again.,Failed to submit response. Please try again.,Spanish placeholder currently matches English; replace with translated value.
en.lproj/Localizable.strings,163,app.ResultScreenStrings.PostSession.Survey.Thank_you_for_taking_the_time_to_complete_this_important_sca,yes,Thank you for taking the time to complete this important scan,Thank you for taking the time to complete this important scan,Spanish placeholder currently matches English; replace with translated value.
en.lproj/Localizable.strings,164,app.ResultScreenStrings.PostSession.Survey.When_did_you_last_have_your_blood_pressure_heart_or_blood_su,yes,"When did you last have your blood pressure, heart, or blood sugar checked by a health professional?","When did you last have your blood pressure, heart, or blood sugar checked by a health professional?",Spanish placeholder currently matches English; replace with translated value.
en.lproj/Localizable.strings,165,app.ResultScreenStrings.PostSession.Survey.Within_6_months,yes,Within 6 months,Within 6 months,Spanish placeholder currently matches English; replace with translated value.
en.lproj/Localizable.strings,166,app.ResultScreenStrings.PostSession.Survey.6_to_12_months_ago,yes,6 to 12 months ago,6 to 12 months ago,Spanish placeholder currently matches English; replace with translated value.
en.lproj/Localizable.strings,167,app.ResultScreenStrings.PostSession.Survey.More_than_a_year_ago,yes,More than a year ago,More than a year ago,Spanish placeholder currently matches English; replace with translated value.
en.lproj/Localizable.strings,168,app.ResultScreenStrings.PostSession.Survey.Never_or_not_sure,yes,"Never, or not sure","Never, or not sure",Spanish placeholder currently matches English; replace with translated value.
en.lproj/Localizable.strings,169,app.ResultScreenStrings.PostSession.Survey.Anything_new,yes,Anything new?,Anything new?,Spanish placeholder currently matches English; replace with translated value.
en.lproj/Localizable.strings,170,app.ResultScreenStrings.PostSession.Survey.Did_your_scan_tell_you_anything_new_about_your_health,yes,Did your scan tell you anything new about your health?,Did your scan tell you anything new about your health?,Spanish placeholder currently matches English; replace with translated value.
en.lproj/Localizable.strings,171,app.ResultScreenStrings.PostSession.Survey.Yes_it_surprised_me,yes,"Yes, it surprised me","Yes, it surprised me",Spanish placeholder currently matches English; replace with translated value.
en.lproj/Localizable.strings,172,app.ResultScreenStrings.PostSession.Survey.Somewhat_new_to_me,yes,Somewhat new to me,Somewhat new to me,Spanish placeholder currently matches English; replace with translated value.
en.lproj/Localizable.strings,173,app.ResultScreenStrings.PostSession.Survey.No_about_what_I_expected,yes,"No, about what I expected","No, about what I expected",Spanish placeholder currently matches English; replace with translated value.
en.lproj/Localizable.strings,174,app.ResultScreenStrings.PostSession.Survey.Your_next_step,yes,Your next step,Your next step,Spanish placeholder currently matches English; replace with translated value.
en.lproj/Localizable.strings,175,app.ResultScreenStrings.PostSession.Survey.What_will_you_do_based_on_your_results_select_all_that_apply,yes,What will you do based on your results? (select all that apply),What will you do based on your results? (select all that apply),Spanish placeholder currently matches English; replace with translated value.
en.lproj/Localizable.strings,176,app.ResultScreenStrings.PostSession.Survey.Book_a_doctor_visit,yes,Book a doctor visit,Book a doctor visit,Spanish placeholder currently matches English; replace with translated value.
en.lproj/Localizable.strings,177,app.ResultScreenStrings.PostSession.Survey.Already_have_a_doctor_s_visit_booked,yes,Already have a doctor's visit booked,Already have a doctor's visit booked,Spanish placeholder currently matches English; replace with translated value.
en.lproj/Localizable.strings,178,app.ResultScreenStrings.PostSession.Survey.Mention_it_to_my_dentist_today,yes,Mention it to my dentist today,Mention it to my dentist today,Spanish placeholder currently matches English; replace with translated value.
en.lproj/Localizable.strings,179,app.ResultScreenStrings.PostSession.Survey.Change_something_in_my_routine,yes,Change something in my routine,Change something in my routine,Spanish placeholder currently matches English; replace with translated value.
en.lproj/Localizable.strings,180,app.ResultScreenStrings.PostSession.Survey.Nothing_right_now,yes,Nothing right now,Nothing right now,Spanish placeholder currently matches English; replace with translated value.
en.lproj/Localizable.strings,181,app.ResultScreenStrings.PostSession.Survey.Stay_in_touch,yes,Stay in touch,Stay in touch,Spanish placeholder currently matches English; replace with translated value.
en.lproj/Localizable.strings,182,app.ResultScreenStrings.PostSession.Survey.Can_we_check_in_with_you_in_a_few_weeks_to_see_how_you_are_d,yes,Can we check in with you in a few weeks to see how you are doing?,Can we check in with you in a few weeks to see how you are doing?,Spanish placeholder currently matches English; replace with translated value.
en.lproj/Localizable.strings,183,app.ResultScreenStrings.PostSession.Survey.Yes,yes,Yes,Yes,Spanish placeholder currently matches English; replace with translated value.
en.lproj/Localizable.strings,184,app.ResultScreenStrings.PostSession.Survey.No,yes,No,No,Spanish placeholder currently matches English; replace with translated value.
en.lproj/Localizable.strings,185,app.ResultScreenStrings.Metrics.Your_screening_suggests_a_very_low_likelihood_of_a_heart_att,yes,Your screening suggests a very low likelihood of a heart attack or stroke in the next 10 years.,Your screening suggests a very low likelihood of a heart attack or stroke in the next 10 years.,Spanish placeholder currently matches English; replace with translated value.
en.lproj/Localizable.strings,186,app.ResultScreenStrings.Metrics.Your_screening_suggests_a_low_likelihood_of_a_heart_attack_o,yes,Your screening suggests a low likelihood of a heart attack or stroke in the next 10 years.,Your screening suggests a low likelihood of a heart attack or stroke in the next 10 years.,Spanish placeholder currently matches English; replace with translated value.
en.lproj/Localizable.strings,187,app.ResultScreenStrings.Metrics.Your_screening_suggests_a_moderate_low_likelihood_of_a_heart,yes,Your screening suggests a moderate-low likelihood of a heart attack or stroke in the next 10 years.,Your screening suggests a moderate-low likelihood of a heart attack or stroke in the next 10 years.,Spanish placeholder currently matches English; replace with translated value.
en.lproj/Localizable.strings,188,app.ResultScreenStrings.Metrics.Your_screening_suggests_a_moderate_likelihood_of_a_heart_att,yes,Your screening suggests a moderate likelihood of a heart attack or stroke in the next 10 years.,Your screening suggests a moderate likelihood of a heart attack or stroke in the next 10 years.,Spanish placeholder currently matches English; replace with translated value.
en.lproj/Localizable.strings,189,app.ResultScreenStrings.Metrics.Your_screening_suggests_a_higher_likelihood_of_a_heart_attac,yes,Your screening suggests a higher likelihood of a heart attack or stroke in the next 10 years.,Your screening suggests a higher likelihood of a heart attack or stroke in the next 10 years.,Spanish placeholder currently matches English; replace with translated value.
en.lproj/Localizable.strings,190,app.ResultScreenStrings.Metrics.Your_screening_suggests_your_systolic_blood_pressure_is_with,yes,Your screening suggests your systolic blood pressure is within a healthy range.,Your screening suggests your systolic blood pressure is within a healthy range.,Spanish placeholder currently matches English; replace with translated value.
en.lproj/Localizable.strings,191,app.ResultScreenStrings.Metrics.Your_screening_suggests_your_systolic_blood_pressure_may_be,yes,Your screening suggests your systolic blood pressure may be lower than the healthy range.,Your screening suggests your systolic blood pressure may be lower than the healthy range.,Spanish placeholder currently matches English; replace with translated value.
en.lproj/Localizable.strings,192,app.ResultScreenStrings.Metrics.Your_screening_suggests_your_systolic_blood_pressure_may_be_2,yes,Your screening suggests your systolic blood pressure may be slightly above the healthy range.,Your screening suggests your systolic blood pressure may be slightly above the healthy range.,Spanish placeholder currently matches English; replace with translated value.
en.lproj/Localizable.strings,193,app.ResultScreenStrings.Metrics.Your_screening_suggests_your_systolic_blood_pressure_may_be_3,yes,Your screening suggests your systolic blood pressure may be significantly elevated.,Your screening suggests your systolic blood pressure may be significantly elevated.,Spanish placeholder currently matches English; replace with translated value.
en.lproj/Localizable.strings,194,app.ResultScreenStrings.Metrics.Your_screening_suggests_your_diastolic_blood_pressure_is_wit,yes,Your screening suggests your diastolic blood pressure is within a healthy range.,Your screening suggests your diastolic blood pressure is within a healthy range.,Spanish placeholder currently matches English; replace with translated value.
en.lproj/Localizable.strings,195,app.ResultScreenStrings.Metrics.Your_screening_suggests_your_diastolic_blood_pressure_may_be,yes,Your screening suggests your diastolic blood pressure may be lower than the healthy range.,Your screening suggests your diastolic blood pressure may be lower than the healthy range.,Spanish placeholder currently matches English; replace with translated value.
en.lproj/Localizable.strings,196,app.ResultScreenStrings.Metrics.Your_screening_suggests_your_diastolic_blood_pressure_may_be_2,yes,Your screening suggests your diastolic blood pressure may be slightly lower the healthy range.,Your screening suggests your diastolic blood pressure may be slightly lower the healthy range.,Spanish placeholder currently matches English; replace with translated value.
en.lproj/Localizable.strings,197,app.ResultScreenStrings.Metrics.Your_screening_suggests_your_diastolic_blood_pressure_may_be_3,yes,Your screening suggests your diastolic blood pressure may be slightly above the healthy range.,Your screening suggests your diastolic blood pressure may be slightly above the healthy range.,Spanish placeholder currently matches English; replace with translated value.
en.lproj/Localizable.strings,198,app.ResultScreenStrings.Metrics.Your_screening_suggests_your_diastolic_blood_pressure_may_be_4,yes,Your screening suggests your diastolic blood pressure may be significantly elevated.,Your screening suggests your diastolic blood pressure may be significantly elevated.,Spanish placeholder currently matches English; replace with translated value.
en.lproj/Localizable.strings,199,app.ResultScreenStrings.Metrics.Your_screening_suggests_your_heart_rate_is_below_a_normal_re,yes,Your screening suggests your heart rate is below a normal resting range.,Your screening suggests your heart rate is below a normal resting range.,Spanish placeholder currently matches English; replace with translated value.
en.lproj/Localizable.strings,200,app.ResultScreenStrings.Metrics.Your_screening_suggests_your_heart_rate_is_within_a_normal_r,yes,Your screening suggests your heart rate is within a normal resting range.,Your screening suggests your heart rate is within a normal resting range.,Spanish placeholder currently matches English; replace with translated value.
en.lproj/Localizable.strings,201,app.ResultScreenStrings.Metrics.Your_screening_suggests_your_heart_rate_is_higher_than_the_t,yes,Your screening suggests your heart rate is higher than the typical resting range.,Your screening suggests your heart rate is higher than the typical resting range.,Spanish placeholder currently matches English; replace with translated value.
en.lproj/Localizable.strings,202,app.ResultScreenStrings.Metrics.Your_screening_suggests_your_HbA1c_markers_are_within_a_heal,yes,"Your screening suggests your HbA1c markers are within a healthy, stable range.","Your screening suggests your HbA1c markers are within a healthy, stable range.",Spanish placeholder currently matches English; replace with translated value.
en.lproj/Localizable.strings,203,app.ResultScreenStrings.Metrics.Your_screening_suggests_your_HbA1c_is_likely_below_the_thres,yes,Your screening suggests your HbA1c is likely below the threshold for concern.,Your screening suggests your HbA1c is likely below the threshold for concern.,Spanish placeholder currently matches English; replace with translated value.
en.lproj/Localizable.strings,204,app.ResultScreenStrings.Metrics.Your_screening_suggests_slightly_elevated_glycemic_markers_c,yes,Your screening suggests slightly elevated glycemic markers compared to the ideal range.,Your screening suggests slightly elevated glycemic markers compared to the ideal range.,Spanish placeholder currently matches English; replace with translated value.
en.lproj/Localizable.strings,205,app.ResultScreenStrings.Metrics.Your_screening_suggests_that_your_blood_sugar_levels_are_cur,yes,Your screening suggests that your blood sugar levels are currently above the standard healthy range.,Your screening suggests that your blood sugar levels are currently above the standard healthy range.,Spanish placeholder currently matches English; replace with translated value.
en.lproj/Localizable.strings,206,app.ResultScreenStrings.Metrics.Your_screening_suggests_blood_sugar_markers_that_are_notably,yes,Your screening suggests blood sugar markers that are notably above the standard healthy range.,Your screening suggests blood sugar markers that are notably above the standard healthy range.,Spanish placeholder currently matches English; replace with translated value.
en.lproj/Localizable.strings,207,app.ResultScreenStrings.Metrics.Your_screening_suggests_a_very_low_probability_of_elevated_c,yes,Your screening suggests a very low probability of elevated cholesterol levels.,Your screening suggests a very low probability of elevated cholesterol levels.,Spanish placeholder currently matches English; replace with translated value.
en.lproj/Localizable.strings,208,app.ResultScreenStrings.Metrics.Your_screening_suggests_your_cholesterol_markers_are_within,yes,"Your screening suggests your cholesterol markers are within a standard, low-risk profile.","Your screening suggests your cholesterol markers are within a standard, low-risk profile.",Spanish placeholder currently matches English; replace with translated value.
en.lproj/Localizable.strings,209,app.ResultScreenStrings.Metrics.Your_screening_suggests_your_cholesterol_markers_are_current,yes,Your screening suggests your cholesterol markers are currently sitting in a moderate range.,Your screening suggests your cholesterol markers are currently sitting in a moderate range.,Spanish placeholder currently matches English; replace with translated value.
en.lproj/Localizable.strings,210,app.ResultScreenStrings.Metrics.Your_screening_suggests_cholesterol_levels_are_currently_abo,yes,Your screening suggests cholesterol levels are currently above the recommended healthy threshold.,Your screening suggests cholesterol levels are currently above the recommended healthy threshold.,Spanish placeholder currently matches English; replace with translated value.
en.lproj/Localizable.strings,211,app.ResultScreenStrings.Metrics.Your_screening_suggests_indicators_consistent_with_a_high_co,yes,Your screening suggests indicators consistent with a high concentration of cholesterol in the blood.,Your screening suggests indicators consistent with a high concentration of cholesterol in the blood.,Spanish placeholder currently matches English; replace with translated value.
en.lproj/Localizable.strings,212,app.ResultScreenStrings.Metrics.Your_screening_suggests_a_very_low_probability_of_elevated_t,yes,Your screening suggests a very low probability of elevated triglyceride levels.,Your screening suggests a very low probability of elevated triglyceride levels.,Spanish placeholder currently matches English; replace with translated value.
en.lproj/Localizable.strings,213,app.ResultScreenStrings.Metrics.Your_screening_suggests_your_triglyceride_markers_are_within,yes,"Your screening suggests your triglyceride markers are within a standard, low-risk profile.","Your screening suggests your triglyceride markers are within a standard, low-risk profile.",Spanish placeholder currently matches English; replace with translated value.
en.lproj/Localizable.strings,214,app.ResultScreenStrings.Metrics.Your_screening_suggests_your_triglyceride_markers_are_curren,yes,Your screening suggests your triglyceride markers are currently sitting in a moderate range.,Your screening suggests your triglyceride markers are currently sitting in a moderate range.,Spanish placeholder currently matches English; replace with translated value.
en.lproj/Localizable.strings,215,app.ResultScreenStrings.Metrics.Your_screening_suggests_triglyceride_levels_are_currently_ab,yes,Your screening suggests triglyceride levels are currently above the recommended healthy threshold.,Your screening suggests triglyceride levels are currently above the recommended healthy threshold.,Spanish placeholder currently matches English; replace with translated value.
en.lproj/Localizable.strings,216,app.ResultScreenStrings.Metrics.Your_screening_suggests_indicators_consistent_with_a_high_co_2,yes,Your screening suggests indicators consistent with a high concentration of triglyceride in the blood.,Your screening suggests indicators consistent with a high concentration of triglyceride in the blood.,Spanish placeholder currently matches English; replace with translated value.
en.lproj/Localizable.strings,217,app.ResultScreenStrings.Metrics.Cardiovascular_Disease_Risk_2,yes,Cardiovascular Disease Risk,Cardiovascular Disease Risk,Spanish placeholder currently matches English; replace with translated value.
en.lproj/Localizable.strings,218,app.ResultScreenStrings.Metrics.Heart_Rate_2,yes,Heart Rate,Heart Rate,Spanish placeholder currently matches English; replace with translated value.
en.lproj/Localizable.strings,219,app.ResultScreenStrings.Metrics.HbA1c_Risk_2,yes,HbA1c Risk,HbA1c Risk,Spanish placeholder currently matches English; replace with translated value.
en.lproj/Localizable.strings,220,app.ResultScreenStrings.Metrics.Systolic_Blood_Pressure_2,yes,Systolic Blood Pressure,Systolic Blood Pressure,Spanish placeholder currently matches English; replace with translated value.
en.lproj/Localizable.strings,221,app.ResultScreenStrings.Metrics.Diastolic_Blood_Pressure_2,yes,Diastolic Blood Pressure,Diastolic Blood Pressure,Spanish placeholder currently matches English; replace with translated value.
en.lproj/Localizable.strings,222,app.ResultScreenStrings.Metrics.High_Risk_of_Cholesterol_2,yes,High Risk of Cholesterol,High Risk of Cholesterol,Spanish placeholder currently matches English; replace with translated value.
en.lproj/Localizable.strings,223,app.ResultScreenStrings.Metrics.High_Risk_of_Triglycerides_2,yes,High Risk of Triglycerides,High Risk of Triglycerides,Spanish placeholder currently matches English; replace with translated value.
en.lproj/Localizable.strings,224,app.ResultScreenStrings.Metrics.Cardiovascular_Risk,yes,Cardiovascular Risk,Cardiovascular Risk,Spanish placeholder currently matches English; replace with translated value.
en.lproj/Localizable.strings,225,app.ResultScreenStrings.Metrics.Hemoglobin_A1C_Risk,yes,Hemoglobin A1C Risk,Hemoglobin A1C Risk,Spanish placeholder currently matches English; replace with translated value.
en.lproj/Localizable.strings,226,app.ResultScreenStrings.Metrics.Heart_Rate_3,yes,Heart Rate,Heart Rate,Spanish placeholder currently matches English; replace with translated value.
en.lproj/Localizable.strings,227,app.ResultScreenStrings.Metrics.Think_of_this_as_your_heart_s_10_year_weather_forecast_It_es,yes,"Think of this as your heart's 10-year weather forecast. It estimates how likely you are to experience a heart attack or stroke based on signals from your face scan. The lower the number, the clearer the skies.","Think of this as your heart's 10-year weather forecast. It estimates how likely you are to experience a heart attack or stroke based on signals from your face scan. The lower the number, the clearer the skies.",Spanish placeholder currently matches English; replace with translated value.
en.lproj/Localizable.strings,228,app.ResultScreenStrings.Metrics.This_is_the_pressure_your_heart_creates_when_it_pumps_blood,yes,This is the pressure your heart creates when it pumps blood out. Too high over time and it puts extra strain on your arteries. A normal reading is usually around 90–120 mmHg.,This is the pressure your heart creates when it pumps blood out. Too high over time and it puts extra strain on your arteries. A normal reading is usually around 90–120 mmHg.,Spanish placeholder currently matches English; replace with translated value.
en.lproj/Localizable.strings,229,app.ResultScreenStrings.Metrics.This_is_the_pressure_in_your_arteries_when_your_heart_is_res,yes,This is the pressure in your arteries when your heart is resting between beats. It tells us how hard your cardiovascular system is working even when it's taking a breather. A normal reading is usually around 60–80 mmHg.,This is the pressure in your arteries when your heart is resting between beats. It tells us how hard your cardiovascular system is working even when it's taking a breather. A normal reading is usually around 60–80 mmHg.,Spanish placeholder currently matches English; replace with translated value.
en.lproj/Localizable.strings,230,app.ResultScreenStrings.Metrics.This_gives_you_a_sense_of_your_long_term_blood_sugar_pattern,yes,This gives you a sense of your long-term blood sugar patterns. High blood sugar over time is linked to pre-diabetes and type 2 diabetes. Think of it less like a snapshot and more like a three-month average of how your body handles sugar.,This gives you a sense of your long-term blood sugar patterns. High blood sugar over time is linked to pre-diabetes and type 2 diabetes. Think of it less like a snapshot and more like a three-month average of how your body handles sugar.,Spanish placeholder currently matches English; replace with translated value.
en.lproj/Localizable.strings,231,app.ResultScreenStrings.Metrics.Too_much_cholesterol_in_your_blood_can_quietly_clog_your_art,yes,Too much cholesterol in your blood can quietly clog your arteries over time. This screening gives you an early signal of whether your cholesterol levels may be in a healthy range.,Too much cholesterol in your blood can quietly clog your arteries over time. This screening gives you an early signal of whether your cholesterol levels may be in a healthy range.,Spanish placeholder currently matches English; replace with translated value.
en.lproj/Localizable.strings,232,app.ResultScreenStrings.Metrics.Triglycerides_are_a_type_of_fat_your_body_stores_for_energy,yes,"Triglycerides are a type of fat your body stores for energy. When there's too much of it in your blood, it can quietly raise your risk of heart disease and inflammation. This score flags whether your levels may be worth a closer look.","Triglycerides are a type of fat your body stores for energy. When there's too much of it in your blood, it can quietly raise your risk of heart disease and inflammation. This score flags whether your levels may be worth a closer look.",Spanish placeholder currently matches English; replace with translated value.
en.lproj/Localizable.strings,233,app.ResultScreenStrings.Metrics.How_many_times_your_heart_beats_in_a_minute_Most_healthy_adu,yes,How many times your heart beats in a minute. Most healthy adults land between 60–100 bpm at rest. Being consistently too high or too low can be worth discussing with your doctor.,How many times your heart beats in a minute. Most healthy adults land between 60–100 bpm at rest. Being consistently too high or too low can be worth discussing with your doctor.,Spanish placeholder currently matches English; replace with translated value.
en.lproj/Localizable.strings,234,app.ScreenSaverStrings.Welcome_to_the_Hibiscus_Health_Kiosk,yes,Welcome to the Hibiscus Health Kiosk!,¡Bienvenido al kiosco de Hibiscus Health!,Translated for language selector UI.
en.lproj/Localizable.strings,235,app.ScreenSaverStrings.30_second_face_scan_that_identifies_health_risk_before_durin,yes,"30-second face scan that identifies health risk
before, during, and between visits.","Escaneo facial de 30 segundos que identifica riesgos de salud
antes, durante y entre visitas.",Translated for language selector UI.
en.lproj/Localizable.strings,236,app.ScreenSaverStrings.Start_Face_Scan,yes,Start Face Scan,Iniciar escaneo facial,Translated for language selector UI.
en.lproj/Localizable.strings,237,app.ScreenSaverStrings.Select_a_language,yes,Select a language,Selecciona un idioma,Translated for language selector UI.
en.lproj/Localizable.strings,238,app.ScreenSaverStrings.English,yes,English,Inglés,Translated for language selector UI.
en.lproj/Localizable.strings,239,app.ScreenSaverStrings.Espanol,yes,Español,Español,Translated for language selector UI.
en.lproj/Localizable.strings,237,app.AnuraMeasurementStrings.You_must_provide_a_license_key_and_study_ID_to_use_this_app,yes,You must provide a license key and study ID to use this app,You must provide a license key and study ID to use this app,Spanish placeholder currently matches English; replace with translated value.
en.lproj/Localizable.strings,238,app.AnuraMeasurementStrings.Alert.Token_Error,yes,Token Error,Token Error,Spanish placeholder currently matches English; replace with translated value.
en.lproj/Localizable.strings,239,app.AnuraMeasurementStrings.Alert.There_was_an_error_in_verifying_your_DeepAffex_token_Please,yes,There was an error in verifying your DeepAffex token. Please check the error log or contact support.,There was an error in verifying your DeepAffex token. Please check the error log or contact support.,Spanish placeholder currently matches English; replace with translated value.
en.lproj/Localizable.strings,240,app.AnuraMeasurementStrings.Alert.License_Error,yes,License Error,License Error,Spanish placeholder currently matches English; replace with translated value.
en.lproj/Localizable.strings,241,app.AnuraMeasurementStrings.Alert.There_was_an_error_registering_your_DeepAffex_license_key_Pl,yes,There was an error registering your DeepAffex license key. Please check the error log or contact support.,There was an error registering your DeepAffex license key. Please check the error log or contact support.,Spanish placeholder currently matches English; replace with translated value.
en.lproj/Localizable.strings,242,app.AnuraMeasurementStrings.Alert.SDK_Configuration_File_Error,yes,SDK Configuration File Error,SDK Configuration File Error,Spanish placeholder currently matches English; replace with translated value.
en.lproj/Localizable.strings,243,app.AnuraMeasurementStrings.Alert.There_was_an_error_retreiving_the_SDK_configuration_file_Ple,yes,There was an error retreiving the SDK configuration file. Please check the error log or contact support.,There was an error retreiving the SDK configuration file. Please check the error log or contact support.,Spanish placeholder currently matches English; replace with translated value.
en.lproj/Localizable.strings,244,app.AnuraMeasurementStrings.Alert.No_Camera_Permission,yes,No Camera Permission,No Camera Permission,Spanish placeholder currently matches English; replace with translated value.
en.lproj/Localizable.strings,245,app.AnuraMeasurementStrings.Alert.Please_grant_the_app_access_to_the_camera_before_starting_a,yes,Please grant the app access to the camera before starting a measurement,Please grant the app access to the camera before starting a measurement,Spanish placeholder currently matches English; replace with translated value.
en.lproj/Localizable.strings,246,app.AnuraMeasurementStrings.Banner.Center_Your_Face,yes,Center Your Face,Center Your Face,Spanish placeholder currently matches English; replace with translated value.
en.lproj/Localizable.strings,247,app.AnuraMeasurementStrings.Banner.Hold_Still,yes,Hold Still,Hold Still,Spanish placeholder currently matches English; replace with translated value.
en.lproj/Localizable.strings,248,app.AnuraMeasurementStrings.Banner.Move_Closer,yes,Move Closer,Move Closer,Spanish placeholder currently matches English; replace with translated value.
en.lproj/Localizable.strings,249,app.AnuraMeasurementStrings.Banner.Move_Further,yes,Move Further,Move Further,Spanish placeholder currently matches English; replace with translated value.
en.lproj/Localizable.strings,250,app.AnuraMeasurementStrings.Banner.Look_Directly_at_the_Camera,yes,Look Directly at the Camera,Look Directly at the Camera,Spanish placeholder currently matches English; replace with translated value.
en.lproj/Localizable.strings,251,app.AnuraMeasurementStrings.Banner.Breathe_Naturally_and_Stay_Still,yes,Breathe Naturally and Stay Still,Breathe Naturally and Stay Still,Spanish placeholder currently matches English; replace with translated value.
en.lproj/Localizable.strings,252,app.AnuraMeasurementStrings.Banner.Reading_Your_Pulse_from_Facial_Blood_Flow,yes,Reading Your Pulse from Facial Blood Flow,Reading Your Pulse from Facial Blood Flow,Spanish placeholder currently matches English; replace with translated value.
en.lproj/Localizable.strings,253,app.AnuraMeasurementStrings.Banner.Detecting_Cardiovascular_Patterns,yes,Detecting Cardiovascular Patterns...,Detecting Cardiovascular Patterns...,Spanish placeholder currently matches English; replace with translated value.
en.lproj/Localizable.strings,254,app.AnuraMeasurementStrings.Banner.Halfway_Eyes_on_the_Camera,yes,Halfway - Eyes on the Camera,Halfway - Eyes on the Camera,Spanish placeholder currently matches English; replace with translated value.
en.lproj/Localizable.strings,255,app.AnuraMeasurementStrings.Banner.Capturing_Your_Final_Readings,yes,Capturing Your Final Readings...,Capturing Your Final Readings...,Spanish placeholder currently matches English; replace with translated value.
en.lproj/Localizable.strings,256,app.AnuraMeasurementStrings.Banner.Almost_There_Don_t_Move,yes,"Almost There, Don't Move","Almost There, Don't Move",Spanish placeholder currently matches English; replace with translated value.
en.lproj/Localizable.strings,257,app.AnuraMeasurementStrings.Banner.Last_Few_Seconds,yes,Last Few Seconds...,Last Few Seconds...,Spanish placeholder currently matches English; replace with translated value.
en.lproj/Localizable.strings,258,app.SharedViewStrings.Toolbar.PUT_YOUR_COMPANY_LOGO_HERE,yes,"PUT YOUR COMPANY
LOGO HERE","PUT YOUR COMPANY
LOGO HERE",Spanish placeholder currently matches English; replace with translated value.
en.lproj/Localizable.strings,259,app.SharedViewStrings.WebView.Face_Scan_Demo,yes,Face Scan Demo,Face Scan Demo,Spanish placeholder currently matches English; replace with translated value.
en.lproj/Localizable.strings,260,app.SharedViewStrings.WebView.Done,yes,Done,Done,Spanish placeholder currently matches English; replace with translated value.
